{
  "data": [
    {
      "username": "Cherry Lilly, US",
      "postTitle": "Today is rainy☔️",
      "postDescription": "When the whole world is about to rain, let’s make it clear in our heart together."
    },
    {
      "username": "Michel Trade, UK",
      "postTitle": "A year passed again!",
      "postDescription": "Time goes by so fast, people go in and out of your life. You must never miss the opportunity to tell these people how much they mean to you.\n"
    },
    {
      "username": "Moosphon AFeng, China",
      "postTitle": "What i have?️",
      "postDescription": "One needs 3 things to be truly happy living in the world: some thing to do, some one to love, some thing to hope for.\n"
    },
    {
      "username": "Allen Jack, Germany",
      "postTitle": "Tomorrow is sunny\uD83C\uDF1E️",
      "postDescription": "No matter how bad your heart has been broken, the world doesn’t stop for your grief. The sun comes right back up the next day.\n"
    },
    {
      "username": "Jimmy Peter, Japan",
      "postTitle": "We never like what we have..",
      "postDescription": "Until you make peace with who you are, you’ll never be content with what you have.\n"
    },
    {
      "username": "Sandy Joke, Canada",
      "postTitle": "Now, i remind of you",
      "postDescription": "I’ll think of you every step of the way."
    }
  ]

}