{"v":"5.5.1","fr":29.9700012207031,"ip":0,"op":180.00000733155,"w":150,"h":200,"nm":"Zezinho 2","ddd":0,"assets":[],"layers":[{"ddd":0,"ind":1,"ty":4,"nm":"Olho Zezinho","sr":1,"ks":{"o":{"a":0,"k":100},"r":{"a":0,"k":0},"p":{"a":1,"k":[{"i":{"x":0.667,"y":0.667},"o":{"x":0,"y":0},"t":0,"s":[46.5,91.5,0],"e":[46.5,91.5,0],"to":[0,0,0],"ti":[0,0,0]},{"i":{"x":0.667,"y":1},"o":{"x":0,"y":0},"t":16,"s":[46.5,91.5,0],"e":[56.5,91.5,0],"to":[1.667,0,0],"ti":[-1.667,0,0]},{"i":{"x":0.667,"y":0.667},"o":{"x":0.167,"y":0.167},"t":34,"s":[56.5,91.5,0],"e":[56.5,91.5,0],"to":[0,0,0],"ti":[0,0,0]},{"i":{"x":0.667,"y":1},"o":{"x":0.167,"y":0},"t":78,"s":[56.5,91.5,0],"e":[46.5,91.5,0],"to":[-1.667,0,0],"ti":[1.667,0,0]},{"t":97.000003950891}]},"a":{"a":0,"k":[6.5,7,0]},"s":{"a":1,"k":[{"i":{"x":[0.667,0.667,0.667],"y":[1,1,1]},"o":{"x":[0.167,0.167,0.167],"y":[0,0.167,0]},"t":84,"s":[100,100,100],"e":[100,5,100]},{"i":{"x":[0.667,0.667,0.667],"y":[1,1,1]},"o":{"x":[0.167,0.167,0.167],"y":[0,0.167,0]},"t":88,"s":[100,5,100],"e":[100,100,100]},{"t":92.0000037472368}]}},"ao":0,"shapes":[{"ty":"gr","it":[{"ind":0,"ty":"sh","ks":{"a":0,"k":{"i":[[0,-1.02],[1.019,0],[0,1.021],[-1.02,0]],"o":[[0,1.021],[-1.02,0],[0,-1.02],[1.019,0]],"v":[[1.846,-0.001],[0,1.846],[-1.846,-0.001],[0,-1.846]],"c":true}},"nm":"Path 1","hd":false},{"ty":"fl","c":{"a":0,"k":[1,1,1,1]},"o":{"a":0,"k":100},"r":1,"bm":0,"nm":"Fill 1","hd":false},{"ty":"tr","p":{"a":0,"k":[3.482,3.776]},"a":{"a":0,"k":[0,0]},"s":{"a":0,"k":[100,100]},"r":{"a":0,"k":0},"o":{"a":0,"k":100},"sk":{"a":0,"k":0},"sa":{"a":0,"k":0},"nm":"Transform"}],"nm":"Group 1","bm":0,"hd":false},{"ty":"gr","it":[{"ind":0,"ty":"sh","ks":{"a":0,"k":{"i":[[0,-3.733],[3.409,0],[0,3.734],[-3.409,0]],"o":[[0,3.734],[-3.409,0],[0,-3.733],[3.409,0]],"v":[[6.173,0],[0,6.762],[-6.173,0],[0,-6.761]],"c":true}},"nm":"Path 1","hd":false},{"ty":"fl","c":{"a":0,"k":[0.231000010173,0.144999994016,0.097999999102,1]},"o":{"a":0,"k":100},"r":1,"bm":0,"nm":"Fill 1","hd":false},{"ty":"tr","p":{"a":0,"k":[6.173,6.761]},"a":{"a":0,"k":[0,0]},"s":{"a":0,"k":[100,100]},"r":{"a":0,"k":0},"o":{"a":0,"k":100},"sk":{"a":0,"k":0},"sa":{"a":0,"k":0},"nm":"Transform"}],"nm":"Group 2","bm":0,"hd":false}],"ip":0,"op":181.000007372281,"st":0,"bm":0},{"ddd":0,"ind":2,"ty":4,"nm":"Olho Zezinho","sr":1,"ks":{"o":{"a":0,"k":100},"r":{"a":0,"k":0},"p":{"a":1,"k":[{"i":{"x":0.667,"y":0.667},"o":{"x":0,"y":0},"t":0,"s":[102,91.75,0],"e":[102,91.75,0],"to":[0,0,0],"ti":[0,0,0]},{"i":{"x":0.667,"y":1},"o":{"x":0,"y":0},"t":16,"s":[102,91.75,0],"e":[112,91.75,0],"to":[1.667,0,0],"ti":[-1.667,0,0]},{"i":{"x":0.667,"y":0.667},"o":{"x":0.167,"y":0.167},"t":34,"s":[112,91.75,0],"e":[112,91.75,0],"to":[0,0,0],"ti":[0,0,0]},{"i":{"x":0.667,"y":1},"o":{"x":0.167,"y":0},"t":78,"s":[112,91.75,0],"e":[102,91.75,0],"to":[-1.667,0,0],"ti":[1.667,0,0]},{"t":97.000003950891}]},"a":{"a":0,"k":[6.5,7,0]},"s":{"a":1,"k":[{"i":{"x":[0.667,0.667,0.667],"y":[1,1,1]},"o":{"x":[0.167,0.167,0.167],"y":[0,0.167,0]},"t":84,"s":[100,100,100],"e":[100,5,100]},{"i":{"x":[0.667,0.667,0.667],"y":[1,1,1]},"o":{"x":[0.167,0.167,0.167],"y":[0,0.167,0]},"t":88,"s":[100,5,100],"e":[100,100,100]},{"t":92.0000037472368}]}},"ao":0,"shapes":[{"ty":"gr","it":[{"ind":0,"ty":"sh","ks":{"a":0,"k":{"i":[[0,-1.02],[1.019,0],[0,1.021],[-1.02,0]],"o":[[0,1.021],[-1.02,0],[0,-1.02],[1.019,0]],"v":[[1.846,-0.001],[0,1.846],[-1.846,-0.001],[0,-1.846]],"c":true}},"nm":"Path 1","hd":false},{"ty":"fl","c":{"a":0,"k":[1,1,1,1]},"o":{"a":0,"k":100},"r":1,"bm":0,"nm":"Fill 1","hd":false},{"ty":"tr","p":{"a":0,"k":[3.482,3.776]},"a":{"a":0,"k":[0,0]},"s":{"a":0,"k":[100,100]},"r":{"a":0,"k":0},"o":{"a":0,"k":100},"sk":{"a":0,"k":0},"sa":{"a":0,"k":0},"nm":"Transform"}],"nm":"Group 1","bm":0,"hd":false},{"ty":"gr","it":[{"ind":0,"ty":"sh","ks":{"a":0,"k":{"i":[[0,-3.733],[3.409,0],[0,3.734],[-3.409,0]],"o":[[0,3.734],[-3.409,0],[0,-3.733],[3.409,0]],"v":[[6.173,0],[0,6.762],[-6.173,0],[0,-6.761]],"c":true}},"nm":"Path 1","hd":false},{"ty":"fl","c":{"a":0,"k":[0.231000010173,0.144999994016,0.097999999102,1]},"o":{"a":0,"k":100},"r":1,"bm":0,"nm":"Fill 1","hd":false},{"ty":"tr","p":{"a":0,"k":[6.173,6.761]},"a":{"a":0,"k":[0,0]},"s":{"a":0,"k":[100,100]},"r":{"a":0,"k":0},"o":{"a":0,"k":100},"sk":{"a":0,"k":0},"sa":{"a":0,"k":0},"nm":"Transform"}],"nm":"Group 2","bm":0,"hd":false}],"ip":0,"op":181.000007372281,"st":0,"bm":0},{"ddd":0,"ind":3,"ty":4,"nm":"Rosto Zezinho","sr":1,"ks":{"o":{"a":0,"k":100},"r":{"a":0,"k":0},"p":{"a":1,"k":[{"i":{"x":0.667,"y":0.667},"o":{"x":0,"y":0},"t":0,"s":[74.875,100.75,0],"e":[74.875,100.75,0],"to":[0,0,0],"ti":[0,0,0]},{"i":{"x":0.667,"y":1},"o":{"x":0,"y":0},"t":16,"s":[74.875,100.75,0],"e":[84.875,100.75,0],"to":[1.667,0,0],"ti":[-1.667,0,0]},{"i":{"x":0.667,"y":0.667},"o":{"x":0.167,"y":0.167},"t":34,"s":[84.875,100.75,0],"e":[84.875,100.75,0],"to":[0,0,0],"ti":[0,0,0]},{"i":{"x":0.667,"y":1},"o":{"x":0.167,"y":0},"t":78,"s":[84.875,100.75,0],"e":[74.875,100.75,0],"to":[-1.667,0,0],"ti":[1.667,0,0]},{"t":97.000003950891}]},"a":{"a":0,"k":[38.5,35.5,0]},"s":{"a":0,"k":[100,100,100]}},"ao":0,"shapes":[{"ty":"gr","it":[{"ind":0,"ty":"sh","ks":{"a":0,"k":{"i":[[9.668,0],[0,-0.999],[-12.698,0],[0,0.997]],"o":[[-9.668,0],[0,0.997],[12.697,0],[0,-0.999]],"v":[[0,0.978],[-15.493,-1.962],[0,2.961],[15.493,-1.962]],"c":true}},"nm":"Path 1","hd":false},{"ty":"fl","c":{"a":0,"k":[0.969000004787,0.579999976065,0.368999974868,1]},"o":{"a":0,"k":100},"r":1,"bm":0,"nm":"Fill 1","hd":false},{"ty":"tr","p":{"a":0,"k":[38.253,62.295]},"a":{"a":0,"k":[0,0]},"s":{"a":0,"k":[100,100]},"r":{"a":0,"k":0},"o":{"a":0,"k":100},"sk":{"a":0,"k":0},"sa":{"a":0,"k":0},"nm":"Transform"}],"nm":"Group 1","bm":0,"hd":false},{"ty":"gr","it":[{"ind":0,"ty":"sh","ks":{"a":0,"k":{"i":[[2.109,0],[0,-0.763],[-2.771,0],[0,0.762]],"o":[[-2.11,0],[0,0.762],[2.771,0],[0,-0.763]],"v":[[0.001,0.09],[-3.381,-0.724],[0.001,1.486],[3.38,-0.724]],"c":true}},"nm":"Path 1","hd":false},{"ty":"fl","c":{"a":0,"k":[0.987999949736,0.736999990426,0.522000002394,1]},"o":{"a":0,"k":100},"r":1,"bm":0,"nm":"Fill 1","hd":false},{"ty":"tr","p":{"a":0,"k":[38.253,68.8]},"a":{"a":0,"k":[0,0]},"s":{"a":0,"k":[100,100]},"r":{"a":0,"k":0},"o":{"a":0,"k":100},"sk":{"a":0,"k":0},"sa":{"a":0,"k":0},"nm":"Transform"}],"nm":"Group 2","bm":0,"hd":false},{"ty":"gr","it":[{"ind":0,"ty":"sh","ks":{"a":0,"k":{"i":[[6.099,0],[0,-2.204],[-8.011,0],[0,2.206]],"o":[[-6.1,0],[0,2.206],[8.01,0],[0,-2.204]],"v":[[0,0.257],[-9.774,-2.095],[0,4.299],[9.774,-2.095]],"c":true}},"nm":"Path 1","hd":false},{"ty":"fl","c":{"a":0,"k":[0.987999949736,0.736999990426,0.522000002394,1]},"o":{"a":0,"k":100},"r":1,"bm":0,"nm":"Fill 1","hd":false},{"ty":"tr","p":{"a":0,"k":[38.253,48.361]},"a":{"a":0,"k":[0,0]},"s":{"a":0,"k":[100,100]},"r":{"a":0,"k":0},"o":{"a":0,"k":100},"sk":{"a":0,"k":0},"sa":{"a":0,"k":0},"nm":"Transform"}],"nm":"Group 3","bm":0,"hd":false},{"ty":"gr","it":[{"ind":0,"ty":"sh","ks":{"a":0,"k":{"i":[[1.764,-0.882],[10.729,-5.585],[-11.5,0]],"o":[[-2.918,1.46],[-1.956,1.018],[9.958,0]],"v":[[10.428,3.22],[-7.907,3.845],[0.47,-4.863]],"c":true}},"nm":"Path 1","hd":false},{"ty":"fl","c":{"a":0,"k":[0.317999985639,0.211999990426,0.165000002992,1]},"o":{"a":0,"k":100},"r":1,"bm":0,"nm":"Fill 1","hd":false},{"ty":"tr","p":{"a":0,"k":[65.476,4.863]},"a":{"a":0,"k":[0,0]},"s":{"a":0,"k":[100,100]},"r":{"a":0,"k":0},"o":{"a":0,"k":100},"sk":{"a":0,"k":0},"sa":{"a":0,"k":0},"nm":"Transform"}],"nm":"Group 4","bm":0,"hd":false},{"ty":"gr","it":[{"ind":0,"ty":"sh","ks":{"a":0,"k":{"i":[[-1.764,-0.882],[-10.729,-5.585],[11.5,0]],"o":[[2.919,1.46],[1.956,1.018],[-9.958,0]],"v":[[-10.428,3.22],[7.907,3.845],[-0.47,-4.863]],"c":true}},"nm":"Path 1","hd":false},{"ty":"fl","c":{"a":0,"k":[0.317999985639,0.211999990426,0.165000002992,1]},"o":{"a":0,"k":100},"r":1,"bm":0,"nm":"Fill 1","hd":false},{"ty":"tr","p":{"a":0,"k":[11.03,4.863]},"a":{"a":0,"k":[0,0]},"s":{"a":0,"k":[100,100]},"r":{"a":0,"k":0},"o":{"a":0,"k":100},"sk":{"a":0,"k":0},"sa":{"a":0,"k":0},"nm":"Transform"}],"nm":"Group 5","bm":0,"hd":false}],"ip":0,"op":181.000007372281,"st":0,"bm":0},{"ddd":0,"ind":4,"ty":4,"nm":"Corpo Zezinho","sr":1,"ks":{"o":{"a":0,"k":100},"r":{"a":0,"k":0},"p":{"a":0,"k":[75,99.5,0]},"a":{"a":0,"k":[71.5,97.5,0]},"s":{"a":0,"k":[100,100,100]}},"ao":0,"shapes":[{"ty":"gr","it":[{"ind":0,"ty":"sh","ks":{"a":0,"k":{"i":[[84.51,0],[-14.544,0],[-6.803,-0.883],[-28.954,0],[-6.803,0.883],[-3.709,0]],"o":[[-84.511,0],[3.709,0],[6.803,0.883],[28.954,0],[6.803,-0.883],[14.543,0]],"v":[[0,-48.222],[-55.738,48.222],[-47.767,0.574],[0,4.414],[47.766,0.574],[55.738,48.222]],"c":true}},"nm":"Path 1","hd":false},{"ty":"fl","c":{"a":0,"k":[0.317999985639,0.211999990426,0.165000002992,1]},"o":{"a":0,"k":100},"r":1,"bm":0,"nm":"Fill 1","hd":false},{"ty":"tr","p":{"a":0,"k":[71.427,48.222]},"a":{"a":0,"k":[0,0]},"s":{"a":0,"k":[100,100]},"r":{"a":0,"k":0},"o":{"a":0,"k":100},"sk":{"a":0,"k":0},"sa":{"a":0,"k":0},"nm":"Transform"}],"nm":"Group 1","bm":0,"hd":false},{"ty":"gr","it":[{"ind":0,"ty":"sh","ks":{"a":0,"k":{"i":[[14.146,-5.552],[-10.398,0],[0,0]],"o":[[0,0],[10.399,0],[0,0]],"v":[[-14.697,-0.169],[-0.001,5.721],[14.698,-0.169]],"c":true}},"nm":"Path 1","hd":false},{"ty":"fl","c":{"a":0,"k":[0.991999966491,0.8,0.607999973671,1]},"o":{"a":0,"k":100},"r":1,"bm":0,"nm":"Fill 1","hd":false},{"ty":"tr","p":{"a":0,"k":[71.427,159.331]},"a":{"a":0,"k":[0,0]},"s":{"a":0,"k":[100,100]},"r":{"a":0,"k":0},"o":{"a":0,"k":100},"sk":{"a":0,"k":0},"sa":{"a":0,"k":0},"nm":"Transform"}],"nm":"Group 2","bm":0,"hd":false},{"ty":"gr","it":[{"ind":0,"ty":"sh","ks":{"a":0,"k":{"i":[[7.45,0],[7.137,-1.715],[-13.773,0],[-1.229,1.337]],"o":[[-7.19,0],[0.048,0.062],[12.754,0],[-7.378,-1.83]],"v":[[-0.387,-6.467],[-22.076,-3.747],[-0.387,6.467],[22.076,-3.564]],"c":true}},"nm":"Path 1","hd":false},{"ty":"fl","c":{"a":0,"k":[0.231000010173,0.54900004069,0.411999990426,1]},"o":{"a":0,"k":100},"r":1,"bm":0,"nm":"Fill 1","hd":false},{"ty":"tr","p":{"a":0,"k":[72.077,164.346]},"a":{"a":0,"k":[0,0]},"s":{"a":0,"k":[100,100]},"r":{"a":0,"k":0},"o":{"a":0,"k":100},"sk":{"a":0,"k":0},"sa":{"a":0,"k":0},"nm":"Transform"}],"nm":"Group 3","bm":0,"hd":false},{"ty":"gr","it":[{"ind":0,"ty":"sh","ks":{"a":0,"k":{"i":[[-8.098,-2.2],[6.03,-3.536],[0,0]],"o":[[-6.691,11.021],[0,0],[8.246,0]],"v":[[12.407,-14.999],[-12.407,18.52],[-12.407,-18.519]],"c":true}},"nm":"Path 1","hd":false},{"ty":"fl","c":{"a":0,"k":[0.349000010771,0.74900004069,0.592000026329,1]},"o":{"a":0,"k":100},"r":1,"bm":0,"nm":"Fill 1","hd":false},{"ty":"tr","p":{"a":0,"k":[83.834,176.398]},"a":{"a":0,"k":[0,0]},"s":{"a":0,"k":[100,100]},"r":{"a":0,"k":0},"o":{"a":0,"k":100},"sk":{"a":0,"k":0},"sa":{"a":0,"k":0},"nm":"Transform"}],"nm":"Group 4","bm":0,"hd":false},{"ty":"gr","it":[{"ind":0,"ty":"sh","ks":{"a":0,"k":{"i":[[8.099,-2.2],[-6.029,-3.536],[0,0]],"o":[[6.692,11.021],[0,0],[-8.246,0]],"v":[[-12.407,-14.999],[12.407,18.52],[12.407,-18.519]],"c":true}},"nm":"Path 1","hd":false},{"ty":"fl","c":{"a":0,"k":[0.349000010771,0.74900004069,0.592000026329,1]},"o":{"a":0,"k":100},"r":1,"bm":0,"nm":"Fill 1","hd":false},{"ty":"tr","p":{"a":0,"k":[59.02,176.398]},"a":{"a":0,"k":[0,0]},"s":{"a":0,"k":[100,100]},"r":{"a":0,"k":0},"o":{"a":0,"k":100},"sk":{"a":0,"k":0},"sa":{"a":0,"k":0},"nm":"Transform"}],"nm":"Group 5","bm":0,"hd":false},{"ty":"gr","it":[{"ind":0,"ty":"sh","ks":{"a":0,"k":{"i":[[-3.69,-1.314],[0,0],[0,0],[0,0],[0,0]],"o":[[0,0],[0,0],[0,0],[0,0],[3.889,0.933]],"v":[[16.533,-13.765],[-1.261,17.161],[-16.533,17.161],[-16.533,12.699],[5.137,-17.161]],"c":true}},"nm":"Path 1","hd":false},{"ty":"fl","c":{"a":0,"k":[0.13300000359,0.122000002394,0.368999974868,1]},"o":{"a":0,"k":100},"r":1,"bm":0,"nm":"Fill 1","hd":false},{"ty":"tr","p":{"a":0,"k":[87.96,177.756]},"a":{"a":0,"k":[0,0]},"s":{"a":0,"k":[100,100]},"r":{"a":0,"k":0},"o":{"a":0,"k":100},"sk":{"a":0,"k":0},"sa":{"a":0,"k":0},"nm":"Transform"}],"nm":"Group 6","bm":0,"hd":false},{"ty":"gr","it":[{"ind":0,"ty":"sh","ks":{"a":0,"k":{"i":[[3.69,-1.314],[0,0],[0,0],[0,0],[0,0]],"o":[[0,0],[0,0],[0,0],[0,0],[-3.889,0.933]],"v":[[-16.533,-13.765],[1.261,17.161],[16.533,17.161],[16.533,12.699],[-5.137,-17.161]],"c":true}},"nm":"Path 1","hd":false},{"ty":"fl","c":{"a":0,"k":[0.13300000359,0.122000002394,0.368999974868,1]},"o":{"a":0,"k":100},"r":1,"bm":0,"nm":"Fill 1","hd":false},{"ty":"tr","p":{"a":0,"k":[54.894,177.756]},"a":{"a":0,"k":[0,0]},"s":{"a":0,"k":[100,100]},"r":{"a":0,"k":0},"o":{"a":0,"k":100},"sk":{"a":0,"k":0},"sa":{"a":0,"k":0},"nm":"Transform"}],"nm":"Group 7","bm":0,"hd":false},{"ty":"gr","it":[{"ind":0,"ty":"sh","ks":{"a":0,"k":{"i":[[-33.804,0],[0,0],[0,0]],"o":[[0,0],[0,0],[0,-14.992]],"v":[[35.714,-18.519],[35.714,18.519],[-35.714,18.519]],"c":true}},"nm":"Path 1","hd":false},{"ty":"fl","c":{"a":0,"k":[0.172999991623,0.172999991623,0.438999998803,1]},"o":{"a":0,"k":100},"r":1,"bm":0,"nm":"Fill 1","hd":false},{"ty":"tr","p":{"a":0,"k":[35.714,176.398]},"a":{"a":0,"k":[0,0]},"s":{"a":0,"k":[100,100]},"r":{"a":0,"k":0},"o":{"a":0,"k":100},"sk":{"a":0,"k":0},"sa":{"a":0,"k":0},"nm":"Transform"}],"nm":"Group 8","bm":0,"hd":false},{"ty":"gr","it":[{"ind":0,"ty":"sh","ks":{"a":0,"k":{"i":[[33.804,0],[0,0],[0,0]],"o":[[0,0],[0,0],[0,-14.992]],"v":[[-35.714,-18.519],[-35.714,18.519],[35.714,18.519]],"c":true}},"nm":"Path 1","hd":false},{"ty":"fl","c":{"a":0,"k":[0.172999991623,0.172999991623,0.438999998803,1]},"o":{"a":0,"k":100},"r":1,"bm":0,"nm":"Fill 1","hd":false},{"ty":"tr","p":{"a":0,"k":[107.141,176.398]},"a":{"a":0,"k":[0,0]},"s":{"a":0,"k":[100,100]},"r":{"a":0,"k":0},"o":{"a":0,"k":100},"sk":{"a":0,"k":0},"sa":{"a":0,"k":0},"nm":"Transform"}],"nm":"Group 9","bm":0,"hd":false},{"ty":"gr","it":[{"ind":0,"ty":"sh","ks":{"a":0,"k":{"i":[[0,24.104],[39.389,0],[0,-24.104],[-61.141,0]],"o":[[0,-24.104],[-39.39,0],[0,24.104],[61.141,0]],"v":[[57.026,-22.929],[0,-64.669],[-57.026,-22.929],[0,64.669]],"c":true}},"nm":"Path 1","hd":false},{"ty":"fl","c":{"a":0,"k":[0.991999966491,0.8,0.607999973671,1]},"o":{"a":0,"k":100},"r":1,"bm":0,"nm":"Fill 1","hd":false},{"ty":"tr","p":{"a":0,"k":[71.428,85.275]},"a":{"a":0,"k":[0,0]},"s":{"a":0,"k":[100,100]},"r":{"a":0,"k":0},"o":{"a":0,"k":100},"sk":{"a":0,"k":0},"sa":{"a":0,"k":0},"nm":"Transform"}],"nm":"Group 10","bm":0,"hd":false},{"ty":"gr","it":[{"ind":0,"ty":"sh","ks":{"a":0,"k":{"i":[[0,0],[-17.03,1.823],[0,0],[0,0]],"o":[[0,0],[0,0],[0,0],[0,0]],"v":[[-14.697,-1.998],[14.698,4.053],[14.698,-5.876],[-14.697,-5.876]],"c":true}},"nm":"Path 1","hd":false},{"ty":"fl","c":{"a":0,"k":[0.987999949736,0.736999990426,0.522000002394,1]},"o":{"a":0,"k":100},"r":1,"bm":0,"nm":"Fill 1","hd":false},{"ty":"tr","p":{"a":0,"k":[71.427,150.528]},"a":{"a":0,"k":[0,0]},"s":{"a":0,"k":[100,100]},"r":{"a":0,"k":0},"o":{"a":0,"k":100},"sk":{"a":0,"k":0},"sa":{"a":0,"k":0},"nm":"Transform"}],"nm":"Group 11","bm":0,"hd":false},{"ty":"gr","it":[{"ind":0,"ty":"sh","ks":{"a":0,"k":{"i":[[0,0],[0,0],[0,0],[0,0]],"o":[[0,0],[0,0],[0,0],[0,0]],"v":[[14.698,16.461],[-14.697,16.461],[-14.697,-16.461],[14.698,-16.461]],"c":true}},"nm":"Path 1","hd":false},{"ty":"fl","c":{"a":0,"k":[0.991999966491,0.8,0.607999973671,1]},"o":{"a":0,"k":100},"r":1,"bm":0,"nm":"Fill 1","hd":false},{"ty":"tr","p":{"a":0,"k":[71.426,161.113]},"a":{"a":0,"k":[0,0]},"s":{"a":0,"k":[100,100]},"r":{"a":0,"k":0},"o":{"a":0,"k":100},"sk":{"a":0,"k":0},"sa":{"a":0,"k":0},"nm":"Transform"}],"nm":"Group 12","bm":0,"hd":false}],"ip":0,"op":181.000007372281,"st":0,"bm":0},{"ddd":0,"ind":5,"ty":4,"nm":"Orelha Zezinho","sr":1,"ks":{"o":{"a":0,"k":100},"r":{"a":0,"k":0},"p":{"a":1,"k":[{"i":{"x":0.667,"y":0.667},"o":{"x":0,"y":0},"t":0,"s":[131.75,99.5,0],"e":[131.75,99.5,0],"to":[0,0,0],"ti":[0,0,0]},{"i":{"x":0.667,"y":1},"o":{"x":0,"y":0},"t":16,"s":[131.75,99.5,0],"e":[128.25,99.5,0],"to":[-0.583,0,0],"ti":[0.583,0,0]},{"i":{"x":0.667,"y":0.667},"o":{"x":0,"y":0},"t":34,"s":[128.25,99.5,0],"e":[128.25,99.5,0],"to":[0,0,0],"ti":[0,0,0]},{"i":{"x":0.667,"y":1},"o":{"x":0,"y":0},"t":78,"s":[128.25,99.5,0],"e":[131.75,99.5,0],"to":[0.583,0,0],"ti":[-0.583,0,0]},{"t":97.000003950891}]},"a":{"a":0,"k":[14.5,16.5,0]},"s":{"a":0,"k":[100,100,100]}},"ao":0,"shapes":[{"ty":"gr","it":[{"ind":0,"ty":"sh","ks":{"a":0,"k":{"i":[[0,-9.037],[7.922,0],[0,9.038],[-7.922,0]],"o":[[0,9.038],[-7.922,0],[0,-9.037],[7.922,0]],"v":[[14.343,0],[0,16.364],[-14.344,0],[0,-16.364]],"c":true}},"nm":"Path 1","hd":false},{"ty":"fl","c":{"a":0,"k":[0.987999949736,0.736999990426,0.522000002394,1]},"o":{"a":0,"k":100},"r":1,"bm":0,"nm":"Fill 1","hd":false},{"ty":"tr","p":{"a":0,"k":[14.343,16.364]},"a":{"a":0,"k":[0,0]},"s":{"a":0,"k":[100,100]},"r":{"a":0,"k":0},"o":{"a":0,"k":100},"sk":{"a":0,"k":0},"sa":{"a":0,"k":0},"nm":"Transform"}],"nm":"Group 1","bm":0,"hd":false}],"ip":0,"op":181.000007372281,"st":0,"bm":0},{"ddd":0,"ind":6,"ty":4,"nm":"Orelha Zezinho","sr":1,"ks":{"o":{"a":0,"k":100},"r":{"a":0,"k":0},"p":{"a":1,"k":[{"i":{"x":0.667,"y":0.667},"o":{"x":0,"y":0},"t":0,"s":[18.125,99.5,0],"e":[18.125,99.5,0],"to":[0,0,0],"ti":[0,0,0]},{"i":{"x":0.667,"y":1},"o":{"x":0,"y":0},"t":16,"s":[18.125,99.5,0],"e":[14.625,99.5,0],"to":[-0.583,0,0],"ti":[0.583,0,0]},{"i":{"x":0.667,"y":0.667},"o":{"x":0,"y":0},"t":34,"s":[14.625,99.5,0],"e":[14.625,99.5,0],"to":[0,0,0],"ti":[0,0,0]},{"i":{"x":0.667,"y":1},"o":{"x":0,"y":0},"t":78,"s":[14.625,99.5,0],"e":[18.125,99.5,0],"to":[0.583,0,0],"ti":[-0.583,0,0]},{"t":97.000003950891}]},"a":{"a":0,"k":[14.5,16.5,0]},"s":{"a":0,"k":[100,100,100]}},"ao":0,"shapes":[{"ty":"gr","it":[{"ind":0,"ty":"sh","ks":{"a":0,"k":{"i":[[0,-9.037],[7.922,0],[0,9.038],[-7.922,0]],"o":[[0,9.038],[-7.922,0],[0,-9.037],[7.922,0]],"v":[[14.343,0],[0,16.364],[-14.344,0],[0,-16.364]],"c":true}},"nm":"Path 1","hd":false},{"ty":"fl","c":{"a":0,"k":[0.987999949736,0.736999990426,0.522000002394,1]},"o":{"a":0,"k":100},"r":1,"bm":0,"nm":"Fill 1","hd":false},{"ty":"tr","p":{"a":0,"k":[14.343,16.364]},"a":{"a":0,"k":[0,0]},"s":{"a":0,"k":[100,100]},"r":{"a":0,"k":0},"o":{"a":0,"k":100},"sk":{"a":0,"k":0},"sa":{"a":0,"k":0},"nm":"Transform"}],"nm":"Group 1","bm":0,"hd":false}],"ip":0,"op":181.000007372281,"st":0,"bm":0}],"markers":[]}