{"v":"5.5.1","fr":25,"ip":0,"op":450,"w":1000,"h":1000,"nm":"grow","ddd":0,"assets":[],"layers":[{"ddd":0,"ind":1,"ty":4,"nm":"Camada de forma 2","sr":1,"ks":{"o":{"a":0,"k":100,"ix":11},"r":{"a":0,"k":0,"ix":10},"p":{"a":0,"k":[452.25,498,0],"ix":2},"a":{"a":0,"k":[0,0,0],"ix":1},"s":{"a":0,"k":[100,100,100],"ix":6}},"ao":0,"shapes":[{"ty":"gr","it":[{"ind":0,"ty":"sh","ix":1,"ks":{"a":0,"k":{"i":[[0,0],[0,0]],"o":[[0,0],[0,0]],"v":[[58,238.75],[30.25,216.75]],"c":false},"ix":2},"nm":"Caminho 1","mn":"ADBE Vector Shape - Group","hd":false},{"ty":"st","c":{"a":0,"k":[0.741176470588,0.741176470588,0.741176470588,1],"ix":3},"o":{"a":0,"k":100,"ix":4},"w":{"a":0,"k":7,"ix":5},"lc":2,"lj":2,"bm":0,"nm":"Traçado 1","mn":"ADBE Vector Graphic - Stroke","hd":false},{"ty":"tr","p":{"a":0,"k":[0,0],"ix":2},"a":{"a":0,"k":[0,0],"ix":1},"s":{"a":0,"k":[100,100],"ix":3},"r":{"a":0,"k":0,"ix":6},"o":{"a":0,"k":100,"ix":7},"sk":{"a":0,"k":0,"ix":4},"sa":{"a":0,"k":0,"ix":5},"nm":"Transformar"}],"nm":"Forma 1","np":3,"cix":2,"bm":0,"ix":1,"mn":"ADBE Vector Group","hd":false},{"ty":"tm","s":{"a":1,"k":[{"i":{"x":[0.833],"y":[0.833]},"o":{"x":[0.167],"y":[0.167]},"t":16,"s":[0]},{"i":{"x":[0.833],"y":[0.833]},"o":{"x":[0.167],"y":[0.167]},"t":19,"s":[0]},{"t":22,"s":[0]}],"ix":1},"e":{"a":1,"k":[{"i":{"x":[0.833],"y":[0.833]},"o":{"x":[0.167],"y":[0.167]},"t":16,"s":[0]},{"i":{"x":[0.833],"y":[0.833]},"o":{"x":[0.167],"y":[0.167]},"t":19,"s":[52]},{"t":22,"s":[0]}],"ix":2},"o":{"a":1,"k":[{"i":{"x":[0.833],"y":[0.833]},"o":{"x":[0.167],"y":[0.167]},"t":16,"s":[0]},{"i":{"x":[0.833],"y":[0.833]},"o":{"x":[0.167],"y":[0.167]},"t":19,"s":[14]},{"t":22,"s":[300]}],"ix":3},"m":1,"ix":2,"nm":"Aparar caminhos 1","mn":"ADBE Vector Filter - Trim","hd":false}],"ip":16,"op":22,"st":3,"bm":0},{"ddd":0,"ind":2,"ty":4,"nm":"Camada de forma 1","sr":1,"ks":{"o":{"a":0,"k":100,"ix":11},"r":{"a":0,"k":0,"ix":10},"p":{"a":0,"k":[500,500,0],"ix":2},"a":{"a":0,"k":[0,0,0],"ix":1},"s":{"a":0,"k":[100,100,100],"ix":6}},"ao":0,"shapes":[{"ty":"gr","it":[{"ind":0,"ty":"sh","ix":1,"ks":{"a":0,"k":{"i":[[0,0],[0,0]],"o":[[0,0],[0,0]],"v":[[48,232],[69,205]],"c":false},"ix":2},"nm":"Caminho 1","mn":"ADBE Vector Shape - Group","hd":false},{"ty":"st","c":{"a":0,"k":[0.741176470588,0.741176470588,0.741176470588,1],"ix":3},"o":{"a":0,"k":100,"ix":4},"w":{"a":0,"k":7,"ix":5},"lc":2,"lj":2,"bm":0,"nm":"Traçado 1","mn":"ADBE Vector Graphic - Stroke","hd":false},{"ty":"tr","p":{"a":0,"k":[0,0],"ix":2},"a":{"a":0,"k":[0,0],"ix":1},"s":{"a":0,"k":[100,100],"ix":3},"r":{"a":0,"k":0,"ix":6},"o":{"a":0,"k":100,"ix":7},"sk":{"a":0,"k":0,"ix":4},"sa":{"a":0,"k":0,"ix":5},"nm":"Transformar"}],"nm":"Forma 1","np":3,"cix":2,"bm":0,"ix":1,"mn":"ADBE Vector Group","hd":false},{"ty":"tm","s":{"a":1,"k":[{"i":{"x":[0.833],"y":[0.833]},"o":{"x":[0.167],"y":[0.167]},"t":13,"s":[0]},{"i":{"x":[0.833],"y":[0.833]},"o":{"x":[0.167],"y":[0.167]},"t":16,"s":[0]},{"t":19,"s":[0]}],"ix":1},"e":{"a":1,"k":[{"i":{"x":[0.833],"y":[0.833]},"o":{"x":[0.167],"y":[0.167]},"t":13,"s":[0]},{"i":{"x":[0.833],"y":[0.833]},"o":{"x":[0.167],"y":[0.167]},"t":16,"s":[52]},{"t":19,"s":[0]}],"ix":2},"o":{"a":1,"k":[{"i":{"x":[0.833],"y":[0.833]},"o":{"x":[0.167],"y":[0.167]},"t":13,"s":[0]},{"i":{"x":[0.833],"y":[0.833]},"o":{"x":[0.167],"y":[0.167]},"t":16,"s":[14]},{"t":19,"s":[300]}],"ix":3},"m":1,"ix":2,"nm":"Aparar caminhos 1","mn":"ADBE Vector Filter - Trim","hd":false}],"ip":13,"op":19,"st":0,"bm":0},{"ddd":0,"ind":3,"ty":4,"nm":"seed contornos","sr":1,"ks":{"o":{"a":0,"k":100,"ix":11},"r":{"a":0,"k":0,"ix":10},"p":{"a":1,"k":[{"i":{"x":0.833,"y":0.98},"o":{"x":0.333,"y":0},"t":0,"s":[529,114.5,0],"to":[0,107.833,0],"ti":[0,-107.833,0]},{"t":13,"s":[529,761.5,0]}],"ix":2},"a":{"a":0,"k":[529,759.5,0],"ix":1},"s":{"a":0,"k":[100,100,100],"ix":6}},"ao":0,"shapes":[{"ty":"gr","it":[{"ind":0,"ty":"sh","ix":1,"ks":{"a":0,"k":{"i":[[0,0],[0,0]],"o":[[1,4],[0,0]],"v":[[-2.5,-2],[2.5,2]],"c":false},"ix":2},"nm":"Caminho 1","mn":"ADBE Vector Shape - Group","hd":false},{"ty":"st","c":{"a":0,"k":[0.375999989229,0.219999994016,0.075,1],"ix":3},"o":{"a":0,"k":100,"ix":4},"w":{"a":0,"k":7,"ix":5},"lc":2,"lj":1,"ml":10,"bm":0,"nm":"Traçado 1","mn":"ADBE Vector Graphic - Stroke","hd":false},{"ty":"tr","p":{"a":0,"k":[529,759.5],"ix":2},"a":{"a":0,"k":[0,0],"ix":1},"s":{"a":0,"k":[100,100],"ix":3},"r":{"a":0,"k":0,"ix":6},"o":{"a":0,"k":100,"ix":7},"sk":{"a":0,"k":0,"ix":4},"sa":{"a":0,"k":0,"ix":5},"nm":"Transformar"}],"nm":"Grupo 1","np":2,"cix":2,"bm":0,"ix":1,"mn":"ADBE Vector Group","hd":false}],"ip":0,"op":13,"st":0,"bm":0},{"ddd":0,"ind":4,"ty":4,"nm":"dot_3 contornos","sr":1,"ks":{"o":{"a":0,"k":100,"ix":11},"r":{"a":0,"k":0,"ix":10},"p":{"a":0,"k":[500,500,0],"ix":2},"a":{"a":0,"k":[500,500,0],"ix":1},"s":{"a":0,"k":[100,100,100],"ix":6}},"ao":0,"shapes":[{"ty":"gr","it":[{"ind":0,"ty":"sh","ix":1,"ks":{"a":0,"k":{"i":[[0,4.418],[-4.418,0],[0,-4.418],[4.419,0]],"o":[[0,-4.418],[4.419,0],[0,4.418],[-4.418,0]],"v":[[-8,0],[0,-8],[8,0],[0,8]],"c":true},"ix":2},"nm":"Caminho 1","mn":"ADBE Vector Shape - Group","hd":false},{"ty":"st","c":{"a":1,"k":[{"i":{"x":[0.833],"y":[0.833]},"o":{"x":[0.167],"y":[0.167]},"t":350,"s":[0.964999988032,0.426999978458,0.39199999641,1]},{"t":413,"s":[0.749019622803,0.615686297417,0.423529416323,1]}],"ix":3},"o":{"a":0,"k":100,"ix":4},"w":{"a":1,"k":[{"i":{"x":[0.833],"y":[1]},"o":{"x":[0.167],"y":[0]},"t":413,"s":[7]},{"t":424,"s":[0]}],"ix":5},"lc":2,"lj":1,"ml":10,"bm":0,"nm":"Traçado 1","mn":"ADBE Vector Graphic - Stroke","hd":false},{"ty":"tr","p":{"a":0,"k":[615.229,223.269],"ix":2},"a":{"a":0,"k":[0,0],"ix":1},"s":{"a":0,"k":[100,100],"ix":3},"r":{"a":0,"k":0,"ix":6},"o":{"a":0,"k":100,"ix":7},"sk":{"a":0,"k":0,"ix":4},"sa":{"a":0,"k":0,"ix":5},"nm":"Transformar"}],"nm":"Grupo 1","np":2,"cix":2,"bm":0,"ix":1,"mn":"ADBE Vector Group","hd":false},{"ty":"tm","s":{"a":1,"k":[{"i":{"x":[0.667],"y":[1]},"o":{"x":[0.167],"y":[0.167]},"t":230,"s":[99]},{"t":246,"s":[0]}],"ix":1},"e":{"a":1,"k":[{"i":{"x":[0.667],"y":[1]},"o":{"x":[0.167],"y":[0]},"t":230,"s":[100]},{"t":246,"s":[100]}],"ix":2},"o":{"a":1,"k":[{"i":{"x":[0.667],"y":[1]},"o":{"x":[0.167],"y":[0.167]},"t":230,"s":[-81]},{"t":246,"s":[80]}],"ix":3},"m":1,"ix":2,"nm":"Aparar caminhos 1","mn":"ADBE Vector Filter - Trim","hd":false}],"ip":230,"op":450,"st":230,"bm":0},{"ddd":0,"ind":5,"ty":4,"nm":"dot_2 contornos","sr":1,"ks":{"o":{"a":0,"k":100,"ix":11},"r":{"a":0,"k":0,"ix":10},"p":{"a":0,"k":[500,500,0],"ix":2},"a":{"a":0,"k":[500,500,0],"ix":1},"s":{"a":0,"k":[100,100,100],"ix":6}},"ao":0,"shapes":[{"ty":"gr","it":[{"ind":0,"ty":"sh","ix":1,"ks":{"a":0,"k":{"i":[[0,4.418],[-4.418,0],[0,-4.418],[4.419,0]],"o":[[0,-4.418],[4.419,0],[0,4.418],[-4.418,0]],"v":[[-8,0],[0,-8],[8,0],[0,8]],"c":true},"ix":2},"nm":"Caminho 1","mn":"ADBE Vector Shape - Group","hd":false},{"ty":"st","c":{"a":1,"k":[{"i":{"x":[0.833],"y":[0.833]},"o":{"x":[0.167],"y":[0.167]},"t":350,"s":[0.964999988032,0.426999978458,0.39199999641,1]},{"t":413,"s":[0.749019622803,0.615686297417,0.423529416323,1]}],"ix":3},"o":{"a":0,"k":100,"ix":4},"w":{"a":1,"k":[{"i":{"x":[0.833],"y":[1]},"o":{"x":[0.167],"y":[0]},"t":413,"s":[7]},{"t":424,"s":[0]}],"ix":5},"lc":2,"lj":1,"ml":10,"bm":0,"nm":"Traçado 1","mn":"ADBE Vector Graphic - Stroke","hd":false},{"ty":"tr","p":{"a":0,"k":[529.229,242.269],"ix":2},"a":{"a":0,"k":[0,0],"ix":1},"s":{"a":0,"k":[100,100],"ix":3},"r":{"a":0,"k":0,"ix":6},"o":{"a":0,"k":100,"ix":7},"sk":{"a":0,"k":0,"ix":4},"sa":{"a":0,"k":0,"ix":5},"nm":"Transformar"}],"nm":"Grupo 1","np":2,"cix":2,"bm":0,"ix":1,"mn":"ADBE Vector Group","hd":false},{"ty":"tm","s":{"a":1,"k":[{"i":{"x":[0.667],"y":[1]},"o":{"x":[0.167],"y":[0.167]},"t":216,"s":[99]},{"t":232,"s":[0]}],"ix":1},"e":{"a":1,"k":[{"i":{"x":[0.667],"y":[1]},"o":{"x":[0.167],"y":[0]},"t":216,"s":[100]},{"t":232,"s":[100]}],"ix":2},"o":{"a":1,"k":[{"i":{"x":[0.667],"y":[1]},"o":{"x":[0.167],"y":[0.167]},"t":216,"s":[-81]},{"t":232,"s":[80]}],"ix":3},"m":1,"ix":2,"nm":"Aparar caminhos 1","mn":"ADBE Vector Filter - Trim","hd":false}],"ip":216,"op":450,"st":133,"bm":0},{"ddd":0,"ind":6,"ty":4,"nm":"dot_1 contornos","sr":1,"ks":{"o":{"a":0,"k":100,"ix":11},"r":{"a":0,"k":0,"ix":10},"p":{"a":0,"k":[500,500,0],"ix":2},"a":{"a":0,"k":[500,500,0],"ix":1},"s":{"a":0,"k":[100,100,100],"ix":6}},"ao":0,"shapes":[{"ty":"gr","it":[{"ind":0,"ty":"sh","ix":1,"ks":{"a":0,"k":{"i":[[0,4.418],[-4.418,0],[0,-4.418],[4.418,0]],"o":[[0,-4.418],[4.418,0],[0,4.418],[-4.418,0]],"v":[[-8,0],[0,-8],[8,0],[0,8]],"c":true},"ix":2},"nm":"Caminho 1","mn":"ADBE Vector Shape - Group","hd":false},{"ty":"st","c":{"a":1,"k":[{"i":{"x":[0.833],"y":[0.833]},"o":{"x":[0.167],"y":[0.167]},"t":350,"s":[0.964999988032,0.426999978458,0.39199999641,1]},{"t":413,"s":[0.749019622803,0.615686297417,0.423529416323,1]}],"ix":3},"o":{"a":0,"k":100,"ix":4},"w":{"a":1,"k":[{"i":{"x":[0.833],"y":[1]},"o":{"x":[0.167],"y":[0]},"t":413,"s":[7]},{"t":424,"s":[0]}],"ix":5},"lc":2,"lj":1,"ml":10,"bm":0,"nm":"Traçado 1","mn":"ADBE Vector Graphic - Stroke","hd":false},{"ty":"tr","p":{"a":0,"k":[375.23,371.269],"ix":2},"a":{"a":0,"k":[0,0],"ix":1},"s":{"a":0,"k":[100,100],"ix":3},"r":{"a":0,"k":0,"ix":6},"o":{"a":0,"k":100,"ix":7},"sk":{"a":0,"k":0,"ix":4},"sa":{"a":0,"k":0,"ix":5},"nm":"Transformar"}],"nm":"Grupo 1","np":2,"cix":2,"bm":0,"ix":1,"mn":"ADBE Vector Group","hd":false},{"ty":"tm","s":{"a":1,"k":[{"i":{"x":[0.667],"y":[1]},"o":{"x":[0.167],"y":[0.167]},"t":185,"s":[99]},{"t":201,"s":[0]}],"ix":1},"e":{"a":1,"k":[{"i":{"x":[0.667],"y":[1]},"o":{"x":[0.167],"y":[0]},"t":185,"s":[100]},{"t":201,"s":[100]}],"ix":2},"o":{"a":1,"k":[{"i":{"x":[0.667],"y":[1]},"o":{"x":[0.167],"y":[0.167]},"t":185,"s":[-99]},{"t":201,"s":[63]}],"ix":3},"m":1,"ix":2,"nm":"Aparar caminhos 1","mn":"ADBE Vector Filter - Trim","hd":false}],"ip":185,"op":450,"st":133,"bm":0},{"ddd":0,"ind":7,"ty":4,"nm":"leaf_5 contornos","sr":1,"ks":{"o":{"a":0,"k":100,"ix":11},"r":{"a":0,"k":0,"ix":10},"p":{"a":0,"k":[500,500,0],"ix":2},"a":{"a":0,"k":[500,500,0],"ix":1},"s":{"a":0,"k":[100,100,100],"ix":6}},"ao":0,"shapes":[{"ty":"gr","it":[{"ind":0,"ty":"sh","ix":1,"ks":{"a":0,"k":{"i":[[5.7,-8.173],[0.416,-1.911],[-7.896,2.569],[-1.343,6.104],[2.168,0.75]],"o":[[-1.312,1.882],[4.678,4.145],[7.895,-2.569],[-1.46,-1.3],[-9.418,-3.255]],"v":[[-15.128,0.455],[-17.686,6.186],[2.831,9.136],[17.685,-5.321],[12.245,-8.45]],"c":true},"ix":2},"nm":"Caminho 1","mn":"ADBE Vector Shape - Group","hd":false},{"ty":"st","c":{"a":1,"k":[{"i":{"x":[0.833],"y":[0.833]},"o":{"x":[0.167],"y":[0.167]},"t":350,"s":[0.289999988032,0.808000033509,0.490000017952,1]},{"t":413,"s":[0.749019622803,0.61476624012,0.42297577858,1]}],"ix":3},"o":{"a":0,"k":100,"ix":4},"w":{"a":1,"k":[{"i":{"x":[0.667],"y":[1]},"o":{"x":[0.167],"y":[0.167]},"t":194,"s":[16]},{"i":{"x":[0.833],"y":[1]},"o":{"x":[0.167],"y":[0]},"t":231,"s":[7]},{"i":{"x":[0.833],"y":[1]},"o":{"x":[0.167],"y":[0]},"t":413,"s":[7]},{"t":424,"s":[0]}],"ix":5},"lc":2,"lj":1,"ml":10,"bm":0,"nm":"Traçado 1","mn":"ADBE Vector Graphic - Stroke","hd":false},{"ty":"tr","p":{"a":1,"k":[{"i":{"x":0.667,"y":1},"o":{"x":0.167,"y":0.167},"t":194,"s":[572.471,331.663],"to":[8.5,-11.667],"ti":[-8.5,11.667]},{"t":231,"s":[623.471,261.663]}],"ix":2},"a":{"a":1,"k":[{"i":{"x":0.667,"y":1},"o":{"x":0.167,"y":0.167},"t":194,"s":[-18,5],"to":[3,-0.833],"ti":[-3,0.833]},{"t":231,"s":[0,0]}],"ix":1},"s":{"a":1,"k":[{"i":{"x":[0.667,0.667],"y":[1,1]},"o":{"x":[0.167,0.167],"y":[0.167,0.167]},"t":194,"s":[24,24]},{"t":231,"s":[100,100]}],"ix":3},"r":{"a":0,"k":0,"ix":6},"o":{"a":0,"k":100,"ix":7},"sk":{"a":0,"k":0,"ix":4},"sa":{"a":0,"k":0,"ix":5},"nm":"Transformar"}],"nm":"Grupo 1","np":2,"cix":2,"bm":0,"ix":1,"mn":"ADBE Vector Group","hd":false}],"ip":194,"op":450,"st":137,"bm":0},{"ddd":0,"ind":8,"ty":4,"nm":"leaf_4 contornos","sr":1,"ks":{"o":{"a":0,"k":100,"ix":11},"r":{"a":0,"k":0,"ix":10},"p":{"a":0,"k":[500,500,0],"ix":2},"a":{"a":0,"k":[500,500,0],"ix":1},"s":{"a":0,"k":[100,100,100],"ix":6}},"ao":0,"shapes":[{"ty":"gr","it":[{"ind":0,"ty":"sh","ix":1,"ks":{"a":0,"k":{"i":[[-7.271,4.335],[-0.991,1.334],[7.011,0.772],[3.175,-4.257],[-1.416,-1.338]],"o":[[1.674,-0.998],[-2.173,-4.845],[-7.011,-0.772],[0.677,1.517],[6.154,5.813]],"v":[[11.72,4.718],[15.705,1.176],[0.852,-8.282],[-15.704,-2.283],[-12.586,2.042]],"c":true},"ix":2},"nm":"Caminho 1","mn":"ADBE Vector Shape - Group","hd":false},{"ty":"st","c":{"a":1,"k":[{"i":{"x":[0.833],"y":[0.833]},"o":{"x":[0.167],"y":[0.167]},"t":350,"s":[0.289999988032,0.808000033509,0.490000017952,1]},{"t":413,"s":[0.749019622803,0.615686297417,0.423529416323,1]}],"ix":3},"o":{"a":0,"k":100,"ix":4},"w":{"a":1,"k":[{"i":{"x":[0.833],"y":[0.833]},"o":{"x":[0.167],"y":[0.167]},"t":175,"s":[15]},{"i":{"x":[0.833],"y":[1]},"o":{"x":[0.167],"y":[0]},"t":206,"s":[7]},{"i":{"x":[0.833],"y":[1]},"o":{"x":[0.167],"y":[0]},"t":413,"s":[7]},{"t":424,"s":[0]}],"ix":5},"lc":2,"lj":1,"ml":10,"bm":0,"nm":"Traçado 1","mn":"ADBE Vector Graphic - Stroke","hd":false},{"ty":"tr","p":{"a":1,"k":[{"i":{"x":0.833,"y":0.833},"o":{"x":0.167,"y":0.167},"t":175,"s":[562.886,352.567],"to":[-7.5,-12.167],"ti":[7.5,12.167]},{"t":206,"s":[517.886,279.567]}],"ix":2},"a":{"a":1,"k":[{"i":{"x":0.833,"y":0.833},"o":{"x":0.167,"y":0.167},"t":175,"s":[15,-1],"to":[-2.5,0.167],"ti":[2.5,-0.167]},{"t":206,"s":[0,0]}],"ix":1},"s":{"a":1,"k":[{"i":{"x":[0.833,0.833],"y":[0.833,0.833]},"o":{"x":[0.167,0.167],"y":[0.167,0.167]},"t":175,"s":[31,31]},{"t":206,"s":[100,100]}],"ix":3},"r":{"a":0,"k":0,"ix":6},"o":{"a":0,"k":100,"ix":7},"sk":{"a":0,"k":0,"ix":4},"sa":{"a":0,"k":0,"ix":5},"nm":"Transformar"}],"nm":"Grupo 1","np":2,"cix":2,"bm":0,"ix":1,"mn":"ADBE Vector Group","hd":false}],"ip":176,"op":450,"st":133,"bm":0},{"ddd":0,"ind":9,"ty":4,"nm":"leaf_3 contornos","sr":1,"ks":{"o":{"a":0,"k":100,"ix":11},"r":{"a":0,"k":0,"ix":10},"p":{"a":0,"k":[500,500,0],"ix":2},"a":{"a":0,"k":[500,500,0],"ix":1},"s":{"a":0,"k":[100,100,100],"ix":6}},"ao":0,"shapes":[{"ty":"gr","it":[{"ind":0,"ty":"sh","ix":1,"ks":{"a":0,"k":{"i":[[5.848,-10.752],[0.249,-2.39],[-9.29,4.208],[-0.81,7.635],[2.749,0.62]],"o":[[-1.347,2.476],[6.274,4.425],[9.29,-4.208],[-1.959,-1.388],[-11.938,-2.695]],"v":[[-18.464,2.459],[-20.809,9.803],[4.639,10.617],[20.808,-9.05],[13.742,-12.13]],"c":true},"ix":2},"nm":"Caminho 1","mn":"ADBE Vector Shape - Group","hd":false},{"ty":"st","c":{"a":1,"k":[{"i":{"x":[0.833],"y":[0.833]},"o":{"x":[0.167],"y":[0.167]},"t":350,"s":[0.289999988032,0.808000033509,0.490000017952,1]},{"t":413,"s":[0.749019622803,0.615686297417,0.423529416323,1]}],"ix":3},"o":{"a":0,"k":100,"ix":4},"w":{"a":1,"k":[{"i":{"x":[0.667],"y":[1]},"o":{"x":[0.167],"y":[0.167]},"t":108,"s":[19]},{"i":{"x":[0.833],"y":[1]},"o":{"x":[0.333],"y":[0]},"t":193,"s":[7]},{"i":{"x":[0.833],"y":[1]},"o":{"x":[0.167],"y":[0]},"t":413,"s":[7]},{"t":424,"s":[0]}],"ix":5},"lc":2,"lj":1,"ml":10,"bm":0,"nm":"Traçado 1","mn":"ADBE Vector Graphic - Stroke","hd":false},{"ty":"tr","p":{"a":1,"k":[{"i":{"x":0.573,"y":0.589},"o":{"x":0.167,"y":0.167},"t":108,"s":[529.888,590.649],"to":[2.193,-3.924],"ti":[-7.062,14.171]},{"i":{"x":0.682,"y":0.812},"o":{"x":0.331,"y":0.381},"t":139,"s":[543.476,555.936],"to":[5.764,-11.566],"ti":[-0.041,0.071]},{"i":{"x":0.676,"y":1},"o":{"x":0.2,"y":0.163},"t":165,"s":[558.198,534.364],"to":[5.434,-9.481],"ti":[-2.313,4.138]},{"t":193,"s":[569.888,517.649]}],"ix":2},"a":{"a":1,"k":[{"i":{"x":0.667,"y":1},"o":{"x":0.167,"y":0.167},"t":108,"s":[-22,8],"to":[3.667,-1.333],"ti":[-3.667,1.333]},{"t":193,"s":[0,0]}],"ix":1},"s":{"a":1,"k":[{"i":{"x":[0.667,0.667],"y":[1,1]},"o":{"x":[0.167,0.167],"y":[0.167,0.167]},"t":108,"s":[20,20]},{"t":193,"s":[100,100]}],"ix":3},"r":{"a":0,"k":0,"ix":6},"o":{"a":0,"k":100,"ix":7},"sk":{"a":0,"k":0,"ix":4},"sa":{"a":0,"k":0,"ix":5},"nm":"Transformar"}],"nm":"Grupo 1","np":2,"cix":2,"bm":0,"ix":1,"mn":"ADBE Vector Group","hd":false}],"ip":108,"op":450,"st":91,"bm":0},{"ddd":0,"ind":10,"ty":4,"nm":"leaf_2 contornos","sr":1,"ks":{"o":{"a":0,"k":100,"ix":11},"r":{"a":0,"k":0,"ix":10},"p":{"a":0,"k":[500,500,0],"ix":2},"a":{"a":0,"k":[500,500,0],"ix":1},"s":{"a":0,"k":[100,100,100],"ix":6}},"ao":0,"shapes":[{"ty":"gr","it":[{"ind":0,"ty":"sh","ix":1,"ks":{"a":0,"k":{"i":[[8.868,-5.501],[1.192,-1.665],[-8.659,-0.799],[-3.821,5.315],[1.775,1.619]],"o":[[-2.042,1.267],[2.783,5.925],[8.658,0.799],[-0.868,-1.856],[-7.711,-7.031]],"v":[[-14.561,-5.543],[-19.395,-1.09],[-0.881,10.245],[19.395,2.49],[15.457,-2.773]],"c":true},"ix":2},"nm":"Caminho 1","mn":"ADBE Vector Shape - Group","hd":false},{"ty":"st","c":{"a":1,"k":[{"i":{"x":[0.833],"y":[0.833]},"o":{"x":[0.167],"y":[0.167]},"t":350,"s":[0.289999988032,0.808000033509,0.490000017952,1]},{"t":413,"s":[0.749019622803,0.615686297417,0.423529416323,1]}],"ix":3},"o":{"a":0,"k":100,"ix":4},"w":{"a":1,"k":[{"i":{"x":[0.667],"y":[1]},"o":{"x":[0.167],"y":[0.167]},"t":132,"s":[16]},{"i":{"x":[0.833],"y":[1]},"o":{"x":[0.167],"y":[0]},"t":182,"s":[7]},{"i":{"x":[0.833],"y":[1]},"o":{"x":[0.167],"y":[0]},"t":413,"s":[7]},{"t":424,"s":[0]}],"ix":5},"lc":2,"lj":1,"ml":10,"bm":0,"nm":"Traçado 1","mn":"ADBE Vector Graphic - Stroke","hd":false},{"ty":"tr","p":{"a":1,"k":[{"i":{"x":0.57,"y":0.583},"o":{"x":0.167,"y":0.167},"t":132,"s":[506.238,540.635],"to":[-8.731,-7.981],"ti":[21.397,19.558]},{"i":{"x":0.702,"y":1},"o":{"x":0.31,"y":0.481},"t":147,"s":[456.659,490.317],"to":[-30.883,-28.229],"ti":[12.602,11.519]},{"t":182,"s":[378.238,423.635]}],"ix":2},"a":{"a":1,"k":[{"i":{"x":0.643,"y":0},"o":{"x":0.167,"y":0.167},"t":132,"s":[19,1],"to":[-1.296,-0.068],"ti":[3.177,0.167]},{"i":{"x":0.702,"y":1},"o":{"x":0.31,"y":0.291},"t":147,"s":[18.639,0.613],"to":[-4.584,-0.241],"ti":[1.87,0.098]},{"t":182,"s":[0,0]}],"ix":1},"s":{"a":1,"k":[{"i":{"x":[0.667,0.667],"y":[1,1]},"o":{"x":[0.167,0.167],"y":[0.167,0.167]},"t":132,"s":[19,19]},{"t":182,"s":[100,100]}],"ix":3},"r":{"a":0,"k":0,"ix":6},"o":{"a":0,"k":100,"ix":7},"sk":{"a":0,"k":0,"ix":4},"sa":{"a":0,"k":0,"ix":5},"nm":"Transformar"}],"nm":"Grupo 1","np":2,"cix":2,"bm":0,"ix":1,"mn":"ADBE Vector Group","hd":false}],"ip":131,"op":450,"st":131,"bm":0},{"ddd":0,"ind":11,"ty":4,"nm":"leaf_1 contornos","sr":1,"ks":{"o":{"a":0,"k":100,"ix":11},"r":{"a":0,"k":0,"ix":10},"p":{"a":0,"k":[500,500,0],"ix":2},"a":{"a":0,"k":[500,500,0],"ix":1},"s":{"a":0,"k":[100,100,100],"ix":6}},"ao":0,"shapes":[{"ty":"gr","it":[{"ind":0,"ty":"sh","ix":1,"ks":{"a":0,"k":{"i":[[11.637,-3.792],[1.823,-1.565],[-9.64,-3.328],[-5.836,4.988],[1.571,2.34]],"o":[[-2.679,0.872],[1.516,7.526],[9.641,3.327],[-0.47,-2.356],[-6.821,-10.163]],"v":[[-14.844,-10.669],[-21.594,-6.946],[-3.669,11.135],[21.594,7.961],[18.577,0.867]],"c":true},"ix":2},"nm":"Caminho 1","mn":"ADBE Vector Shape - Group","hd":false},{"ty":"st","c":{"a":1,"k":[{"i":{"x":[0.833],"y":[0.833]},"o":{"x":[0.167],"y":[0.167]},"t":350,"s":[0.289999988032,0.808000033509,0.490000017952,1]},{"t":413,"s":[0.749019622803,0.615686297417,0.423529416323,1]}],"ix":3},"o":{"a":0,"k":100,"ix":4},"w":{"a":1,"k":[{"i":{"x":[0.667],"y":[1]},"o":{"x":[0.333],"y":[0]},"t":41,"s":[20]},{"i":{"x":[0.833],"y":[1]},"o":{"x":[0.167],"y":[0]},"t":118,"s":[7]},{"i":{"x":[0.833],"y":[1]},"o":{"x":[0.167],"y":[0]},"t":413,"s":[7]},{"t":424,"s":[0]}],"ix":5},"lc":2,"lj":1,"ml":10,"bm":0,"nm":"Traçado 1","mn":"ADBE Vector Graphic - Stroke","hd":false},{"ty":"tr","p":{"a":1,"k":[{"i":{"x":0.833,"y":0.833},"o":{"x":0.167,"y":0.167},"t":41,"s":[524.884,746.519],"to":[-3,-16],"ti":[3,16]},{"t":118,"s":[506.884,650.519]}],"ix":2},"a":{"a":0,"k":[0,0],"ix":1},"s":{"a":1,"k":[{"i":{"x":[0.833,0.833],"y":[0.833,0.833]},"o":{"x":[0.167,0.167],"y":[0.167,0.167]},"t":41,"s":[14,14]},{"t":118,"s":[100,100]}],"ix":3},"r":{"a":0,"k":0,"ix":6},"o":{"a":0,"k":100,"ix":7},"sk":{"a":0,"k":0,"ix":4},"sa":{"a":0,"k":0,"ix":5},"nm":"Transformar"}],"nm":"Grupo 1","np":2,"cix":2,"bm":0,"ix":1,"mn":"ADBE Vector Group","hd":false}],"ip":41,"op":450,"st":41,"bm":0},{"ddd":0,"ind":12,"ty":4,"nm":"ground contornos","sr":1,"ks":{"o":{"a":0,"k":100,"ix":11},"r":{"a":0,"k":0,"ix":10},"p":{"a":0,"k":[500,500,0],"ix":2},"a":{"a":0,"k":[500,500,0],"ix":1},"s":{"a":0,"k":[100,100,100],"ix":6}},"ao":0,"shapes":[{"ty":"gr","it":[{"ind":0,"ty":"sh","ix":1,"ks":{"a":0,"k":{"i":[[0,0],[-8.411,0.169],[-4.948,-6.948]],"o":[[6.432,-7.287],[10.39,0],[0,0]],"v":[[-28.698,4.576],[0,-4.576],[28.697,4.576]],"c":false},"ix":2},"nm":"Caminho 1","mn":"ADBE Vector Shape - Group","hd":false},{"ty":"st","c":{"a":0,"k":[0.450980392157,0.322657656202,0.203383292404,1],"ix":3},"o":{"a":0,"k":100,"ix":4},"w":{"a":0,"k":7,"ix":5},"lc":2,"lj":1,"ml":10,"bm":0,"nm":"Traçado 1","mn":"ADBE Vector Graphic - Stroke","hd":false},{"ty":"tr","p":{"a":0,"k":[527.673,765.852],"ix":2},"a":{"a":0,"k":[0,0],"ix":1},"s":{"a":0,"k":[100,100],"ix":3},"r":{"a":0,"k":0,"ix":6},"o":{"a":0,"k":100,"ix":7},"sk":{"a":0,"k":0,"ix":4},"sa":{"a":0,"k":0,"ix":5},"nm":"Transformar"}],"nm":"Grupo 1","np":2,"cix":2,"bm":0,"ix":1,"mn":"ADBE Vector Group","hd":false},{"ty":"gr","it":[{"ind":0,"ty":"sh","ix":1,"ks":{"a":0,"k":{"i":[[0,0],[-6.638,0.195],[-3.904,-8.004]],"o":[[5.076,-8.395],[8.2,0],[0,0]],"v":[[-22.647,5.271],[0,-5.271],[22.647,5.271]],"c":false},"ix":2},"nm":"Caminho 1","mn":"ADBE Vector Shape - Group","hd":false},{"ty":"st","c":{"a":0,"k":[0.450980392157,0.322657656202,0.203383292404,1],"ix":3},"o":{"a":0,"k":100,"ix":4},"w":{"a":0,"k":7,"ix":5},"lc":2,"lj":1,"ml":10,"bm":0,"nm":"Traçado 1","mn":"ADBE Vector Graphic - Stroke","hd":false},{"ty":"tr","p":{"a":0,"k":[574.582,770.776],"ix":2},"a":{"a":0,"k":[0,0],"ix":1},"s":{"a":0,"k":[100,100],"ix":3},"r":{"a":0,"k":0,"ix":6},"o":{"a":0,"k":100,"ix":7},"sk":{"a":0,"k":0,"ix":4},"sa":{"a":0,"k":0,"ix":5},"nm":"Transformar"}],"nm":"Grupo 2","np":2,"cix":2,"bm":0,"ix":2,"mn":"ADBE Vector Group","hd":false},{"ty":"gr","it":[{"ind":0,"ty":"sh","ix":1,"ks":{"a":0,"k":{"i":[[0,0],[-11.847,0.348],[-21.603,0.696]],"o":[[9.059,-14.982],[29.964,0.348],[0,0]],"v":[[-48.082,8.885],[-7.665,-9.93],[48.082,9.234]],"c":false},"ix":2},"nm":"Caminho 1","mn":"ADBE Vector Shape - Group","hd":false},{"ty":"st","c":{"a":0,"k":[0.450980392157,0.322657656202,0.203383292404,1],"ix":3},"o":{"a":0,"k":100,"ix":4},"w":{"a":0,"k":7,"ix":5},"lc":2,"lj":1,"ml":10,"bm":0,"nm":"Traçado 1","mn":"ADBE Vector Graphic - Stroke","hd":false},{"ty":"tr","p":{"a":0,"k":[479.813,775.48],"ix":2},"a":{"a":0,"k":[0,0],"ix":1},"s":{"a":0,"k":[100,100],"ix":3},"r":{"a":0,"k":0,"ix":6},"o":{"a":0,"k":100,"ix":7},"sk":{"a":0,"k":0,"ix":4},"sa":{"a":0,"k":0,"ix":5},"nm":"Transformar"}],"nm":"Grupo 3","np":2,"cix":2,"bm":0,"ix":3,"mn":"ADBE Vector Group","hd":false}],"ip":0,"op":450,"st":0,"bm":0},{"ddd":0,"ind":13,"ty":4,"nm":"stalk_3 contornos","sr":1,"ks":{"o":{"a":0,"k":100,"ix":11},"r":{"a":0,"k":0,"ix":10},"p":{"a":0,"k":[500,500,0],"ix":2},"a":{"a":0,"k":[500,500,0],"ix":1},"s":{"a":0,"k":[100,100,100],"ix":6}},"ao":0,"shapes":[{"ty":"gr","it":[{"ind":0,"ty":"sh","ix":1,"ks":{"a":0,"k":{"i":[[0,0],[-4,61]],"o":[[1.135,-74.869],[0,0]],"v":[[-22.568,68.934],[22.567,-68.934]],"c":false},"ix":2},"nm":"Caminho 1","mn":"ADBE Vector Shape - Group","hd":false},{"ty":"st","c":{"a":1,"k":[{"i":{"x":[0.833],"y":[0.833]},"o":{"x":[0.167],"y":[0.167]},"t":350,"s":[0.289999988032,0.808000033509,0.490000017952,1]},{"t":413,"s":[0.749019622803,0.615686297417,0.423529416323,1]}],"ix":3},"o":{"a":0,"k":100,"ix":4},"w":{"a":1,"k":[{"i":{"x":[0.833],"y":[1]},"o":{"x":[0.167],"y":[0]},"t":413,"s":[7]},{"t":424,"s":[0]}],"ix":5},"lc":2,"lj":1,"ml":10,"bm":0,"nm":"Traçado 1","mn":"ADBE Vector Graphic - Stroke","hd":false},{"ty":"tr","p":{"a":0,"k":[592.162,299.741],"ix":2},"a":{"a":0,"k":[0,0],"ix":1},"s":{"a":0,"k":[100,100],"ix":3},"r":{"a":0,"k":0,"ix":6},"o":{"a":0,"k":100,"ix":7},"sk":{"a":0,"k":0,"ix":4},"sa":{"a":0,"k":0,"ix":5},"nm":"Transformar"}],"nm":"Grupo 1","np":2,"cix":2,"bm":0,"ix":1,"mn":"ADBE Vector Group","hd":false},{"ty":"tm","s":{"a":0,"k":0,"ix":1},"e":{"a":1,"k":[{"i":{"x":[0.667],"y":[1]},"o":{"x":[0.333],"y":[0]},"t":167,"s":[0]},{"t":238,"s":[100]}],"ix":2},"o":{"a":0,"k":0,"ix":3},"m":1,"ix":2,"nm":"Aparar caminhos 1","mn":"ADBE Vector Filter - Trim","hd":false}],"ip":133,"op":450,"st":133,"bm":0},{"ddd":0,"ind":14,"ty":4,"nm":"stalk_2 contornos","sr":1,"ks":{"o":{"a":0,"k":100,"ix":11},"r":{"a":0,"k":0,"ix":10},"p":{"a":0,"k":[500,500,0],"ix":2},"a":{"a":0,"k":[500,500,0],"ix":1},"s":{"a":0,"k":[100,100,100],"ix":6}},"ao":0,"shapes":[{"ty":"gr","it":[{"ind":0,"ty":"sh","ix":1,"ks":{"a":0,"k":{"i":[[0,0],[17,87]],"o":[[0.275,-105.735],[0,0]],"v":[[75.863,117],[-76.137,-117]],"c":false},"ix":2},"nm":"Caminho 1","mn":"ADBE Vector Shape - Group","hd":false},{"ty":"st","c":{"a":1,"k":[{"i":{"x":[0.833],"y":[0.833]},"o":{"x":[0.167],"y":[0.167]},"t":350,"s":[0.289999988032,0.808000033509,0.490000017952,1]},{"t":413,"s":[0.749019622803,0.615686297417,0.423529416323,1]}],"ix":3},"o":{"a":0,"k":100,"ix":4},"w":{"a":1,"k":[{"i":{"x":[0.833],"y":[1]},"o":{"x":[0.167],"y":[0]},"t":413,"s":[7]},{"t":424,"s":[0]}],"ix":5},"lc":2,"lj":1,"ml":10,"bm":0,"nm":"Traçado 1","mn":"ADBE Vector Graphic - Stroke","hd":false},{"ty":"tr","p":{"a":0,"k":[452.867,496.807],"ix":2},"a":{"a":0,"k":[0,0],"ix":1},"s":{"a":0,"k":[100,100],"ix":3},"r":{"a":0,"k":0,"ix":6},"o":{"a":0,"k":100,"ix":7},"sk":{"a":0,"k":0,"ix":4},"sa":{"a":0,"k":0,"ix":5},"nm":"Transformar"}],"nm":"Grupo 1","np":2,"cix":2,"bm":0,"ix":1,"mn":"ADBE Vector Group","hd":false},{"ty":"tm","s":{"a":0,"k":0,"ix":1},"e":{"a":1,"k":[{"i":{"x":[0.667],"y":[1]},"o":{"x":[0.333],"y":[0]},"t":103,"s":[0]},{"t":188,"s":[100]}],"ix":2},"o":{"a":0,"k":0,"ix":3},"m":1,"ix":2,"nm":"Aparar caminhos 1","mn":"ADBE Vector Filter - Trim","hd":false}],"ip":103,"op":450,"st":119,"bm":0},{"ddd":0,"ind":15,"ty":4,"nm":"stalk_1 contornos","sr":1,"ks":{"o":{"a":0,"k":100,"ix":11},"r":{"a":0,"k":0,"ix":10},"p":{"a":0,"k":[528.729,757.787,0],"ix":2},"a":{"a":0,"k":[528.729,757.787,0],"ix":1},"s":{"a":0,"k":[100,100,100],"ix":6}},"ao":0,"shapes":[{"ty":"gr","it":[{"ind":0,"ty":"sh","ix":1,"ks":{"a":0,"k":{"i":[[0,0],[0,-58],[0,-67],[0,0]],"o":[[1,51],[0,58],[0,0],[0,0]],"v":[[-24,-252.5],[24,-95.5],[-24,108.5],[-24,252.5]],"c":false},"ix":2},"nm":"Caminho 1","mn":"ADBE Vector Shape - Group","hd":false},{"ty":"st","c":{"a":1,"k":[{"i":{"x":[0.833],"y":[0.833]},"o":{"x":[0.167],"y":[0.167]},"t":350,"s":[0.289999988032,0.808000033509,0.490000017952,1]},{"t":413,"s":[0.749019622803,0.615686297417,0.423529416323,1]}],"ix":3},"o":{"a":0,"k":100,"ix":4},"w":{"a":1,"k":[{"i":{"x":[0.833],"y":[1]},"o":{"x":[0.167],"y":[0]},"t":413,"s":[7]},{"t":424,"s":[0]}],"ix":5},"lc":2,"lj":1,"ml":10,"bm":0,"nm":"Traçado 1","mn":"ADBE Vector Graphic - Stroke","hd":false},{"ty":"tr","p":{"a":0,"k":[552.729,505.307],"ix":2},"a":{"a":0,"k":[0,0],"ix":1},"s":{"a":0,"k":[100,100],"ix":3},"r":{"a":0,"k":0,"ix":6},"o":{"a":0,"k":100,"ix":7},"sk":{"a":0,"k":0,"ix":4},"sa":{"a":0,"k":0,"ix":5},"nm":"Transformar"}],"nm":"Grupo 1","np":2,"cix":2,"bm":0,"ix":1,"mn":"ADBE Vector Group","hd":false},{"ty":"tm","s":{"a":1,"k":[{"i":{"x":[0.667],"y":[1]},"o":{"x":[0.333],"y":[0]},"t":25,"s":[100]},{"t":222,"s":[0]}],"ix":1},"e":{"a":0,"k":100,"ix":2},"o":{"a":0,"k":0,"ix":3},"m":1,"ix":2,"nm":"Aparar caminhos 1","mn":"ADBE Vector Filter - Trim","hd":false}],"ip":25,"op":450,"st":25,"bm":0}],"markers":[]}